sessionId;assetLabel;socketType;startTime;stopTime;duration;heure_1;heure_2;horaire;;totalDurationMinute;energy;consoTotalMinute;energyUnit;priceOfKw;Gamme de prix;priceInclVat;vatAmount;priceExclVat;priceByHour;currency;vatPercent;Subject;Author;Source;Layer;Annot_ID;Annot_UID;Modification Date;Page;pdf_filename
2021-05-12 15H-27MM;FR * ION * E401902;HPC (High Power Current);12/05/2021 15:27;12/05/2021 15:52;00:25:00;15:27:00;15:52:00;;journée;25;40,468;1,619;kWh;0,149;[0,10-0,20];6,0425;0;6,043;14,502;EUR;0;IDATA_STAMP_01;i.ymv;IDATA_SRC_DATARECORD;iData;42;;2023-03-08 11:40:41 +01'00';3;INC_FAF_2021-05-31-21,06C1,009_MERCEDES-ME-CHARGE_DFR00001389_A,pdf
2021-05-13 10H-03MM;FR * ION * E402705;HPC (High Power Current);13/05/2021 10:03;13/05/2021 10:26;00:23:00;10:03:00;10:26:00;FAUX;journée;23;33,354;1,45;kWh;0,167;[0,10-0,20];5,5591;0;5,559;14,502;EUR;0;IDATA_STAMP_01;i.ymv;IDATA_SRC_DATARECORD;iData;44;;2023-03-08 11:40:56 +01'00';3;INC_FAF_2021-05-31-21,06C1,009_MERCEDES-ME-CHARGE_DFR00001389_A,pdf
2021-05-15 09H-59MM;FR * ION * E402803;HPC (High Power Current);15/05/2021 09:59;13/05/2021 10:19;00:20:00;09:59:00;10:19:00;Nuit;journée;20;22,779;1,139;kWh;0,212;[0,20-0,30];4,834;0;4,834;14,502;EUR;0;IDATA_STAMP_01;i.ymv;IDATA_SRC_DATARECORD;iData;46;;2023-03-08 11:41:09 +01'00';3;INC_FAF_2021-05-31-21,06C1,009_MERCEDES-ME-CHARGE_DFR00001389_A,pdf
2021-05-16 09H-59MM;FR * ION * E402803;HPC (High Power Current);15/05/2021 09:59;13/05/2021 10:25;00:26:00;09:59:00;10:25:00;Nuit;journée;26;21,498;0,827;kWh;0,292;[0,20-0,30];6,2842;0;6,284;14,502;EUR;0;IDATA_STAMP_01;i.ymv;IDATA_SRC_DATARECORD;iData;50;;2023-03-08 11:41:34 +01'00';3;INC_FAF_2021-05-31-21,06C1,009_MERCEDES-ME-CHARGE_DFR00001389_A,pdf
2021-05-15 15H-15MM;FR * ION * E402704;HPC (High Power Current);15/05/2021 15:15;13/05/2021 15:41;00:26:00;15:15:00;15:41:00;Nuit;journée;26;36,133;1,39;kWh;0,174;[0,10-0,20];6,2842;0;6,284;14,502;EUR;0;IDATA_STAMP_01;i.ymv;IDATA_SRC_DATARECORD;iData;48;;2023-03-08 11:42:15 +01'00';3;INC_FAF_2021-05-31-21,06C1,009_MERCEDES-ME-CHARGE_DFR00001389_A,pdf
2021-05-16 11H-54MM;FR * ION * E401804;HPC (High Power Current);16/05/2021 11:54;16/05/2021 12:45;00:51:00;11:54:00;12:45:00;Nuit;journée;51;56,233;1,103;kWh;0,219;[0,20-0,30];12,3267;0;12,327;14,502;EUR;0;IDATA_STAMP_01;i.ymv;IDATA_SRC_DATARECORD;iData;52;;2023-03-08 11:41:46 +01'00';3;INC_FAF_2021-05-31-21,06C1,009_MERCEDES-ME-CHARGE_DFR00001389_A,pdf
2021-05-21 18H-09MM;FR * ION * E409602;HPC (High Power Current);21/05/2021 18:09;21/05/2021 18:34;00:25:00;18:09:00;18:34:00;Nuit;journée;25;40,798;1,632;kWh;0,148;[0,10-0,20];6,0425;0;6,043;14,502;EUR;0;IDATA_STAMP_01;i.ymv;IDATA_SRC_DATARECORD;iData;83;;2023-03-08 11:41:57 +01'00';3;INC_FAF_2021-05-31-21,06C1,009_MERCEDES-ME-CHARGE_DFR00001389_A,pdf
2021-05-24 11H-46MM;FR * ION * E404501;HPC (High Power Current);24/05/2021 11:46;24/05/2021 12:35;00:49:00;11:46:00;12:35:00;Nuit;journée;49;33,634;0,686;kWh;0,352;[0,30-0,40];11,8433;0;11,843;14,502;EUR;0;IDATA_STAMP_01;i.ymv;IDATA_SRC_DATARECORD;iData;85;;2023-03-08 11:42:07 +01'00';3;INC_FAF_2021-05-31-21,06C1,009_MERCEDES-ME-CHARGE_DFR00001389_A,pdf
qwd94A4kVb9;FR*M34*E34172*015*1*1;Unknown (not specified);2021-05-25 21:09:38+02:00;2021-05-26 05:29:33+02:00;08:19:55;2021-05-25 21:09:38+02:00;2021-05-26 05:29:33+02:00;;journée;499;27,392;0,055;kWh;0,055;[0-0,10];1,5;0,25;1,25;0,18;EUR;20;IDATA_STAMP_01;i.ymv;IDATA_SRC_DATARECORD;iData;59;;2023-03-08 12:51:30 +01'00';2;INC_FAF_2021-06-01-21,06C1,015_REVEO_2620_A,pdf
5LagqWrBPX0;FR*M34*E34172*015*2*1;Unknown (not specified);2021-05-27 20:52:57+02:00;2021-05-28 05:32:18+02:00;08:39:20;2021-05-27 20:52:57+02:00;2021-05-28 05:32:18+02:00;;journée;519;43,216;0,083;kWh;0,035;[0-0,10];1,5;0,25;1,25;0,173;EUR;20;IDATA_STAMP_01;i.ymv;IDATA_SRC_DATARECORD;iData;57;;2023-03-08 12:51:50 +01'00';2;INC_FAF_2021-06-01-21,06C1,015_REVEO_2620_A,pdf
m5wekVpW05z;FR*M34*E34172*015*2*1;Unknown (not specified);2021-06-11 23:29:51+02:00;2021-06-12 06:34:32+02:00;07:04:40;2021-06-11 23:29:51+02:00;2021-06-12 06:34:32+02:00;;journée;424;52,556;0,124;kWh;0,029;[0-0,10];1,5;0,25;1,25;0,212;EUR;20;IDATA_STAMP_01;i.ymv;IDATA_SRC_DATARECORD;iData;54;;2023-03-08 13:06:14 +01'00';2;INC_FAF_2021-07-01-21,07C1,004_REVEO_4118_A,pdf
2BglvZwR3Q1;FR*M34*E34172*019*9*1;Unknown (not specified);2021-06-20 04:45:33+02:00;2021-06-20 08:28:01+02:00;03:42:28;2021-06-20 04:45:33+02:00;2021-06-20 08:28:01+02:00;;journée;222;26,194;0,118;kWh;0,142;[0,10-0,20];3,73;0,62;3,11;1,008;EUR;19;IDATA_STAMP_01;i.ymv;IDATA_SRC_DATARECORD;iData;56;;2023-03-08 13:06:30 +01'00';2;INC_FAF_2021-07-01-21,07C1,004_REVEO_4118_A,pdf
mzqDJl6V102;FR*M34*E34172*015*1*1;Unknown (not specified);2021-06-23 21:18:09+02:00;2021-06-24 05:04:44+02:00;07:46:34;2021-06-23 21:18:09+02:00;2021-06-24 05:04:44+02:00;;journée;466;54,969;0,118;kWh;0,027;[0-0,10];1,5;0,25;1,25;0,193;EUR;20;IDATA_STAMP_01;i.ymv;IDATA_SRC_DATARECORD;iData;58;;2023-03-08 13:06:46 +01'00';2;INC_FAF_2021-07-01-21,07C1,004_REVEO_4118_A,pdf
ROAKkAbpPxk;FR*M34*E34172*015*1*1;Unknown (not specified);2021-06-24 21:22:37+02:00;2021-06-25 06:45:57+02:00;09:23:19;2021-06-24 21:22:37+02:00;2021-06-25 06:45:57+02:00;;journée;563;64,376;0,114;kWh;0,023;[0-0,10];1,5;0,25;1,25;0,16;EUR;20;IDATA_STAMP_01;i.ymv;IDATA_SRC_DATARECORD;iData;60;;2023-03-08 13:07:02 +01'00';2;INC_FAF_2021-07-01-21,07C1,004_REVEO_4118_A,pdf
2021-07-30 18H-22MM;FR * ION * E409604;HPC (High Power Current);30/07/2021 18:22;30/07/2021 18:46;00:24:00;18:22:00;18:46:00;;journée;24;29,664;1,236;kWh;0,196;[0,10-0,20];5,8008;0;5,801;14,502;EUR;0;IDATA_STAMP_01;i.ymv;IDATA_SRC_DATARECORD;iData;49;;2023-03-08 11:53:27 +01'00';3;INC_FAF_2021-07-31-21,08C1,005_MERCEDES-ME-CHARGE_DFR00001883_A,pdf
z2q4R0N0XL9;FR*M34*E34172*015*1*1;Unknown (not specified);2021-07-01 21:15:35+02:00;2021-07-02 05:09:54+02:00;07:54:19;2021-07-01 21:15:35+02:00;2021-07-02 05:09:54+02:00;;journée;474;40,533;0,086;kWh;0,037;[0-0,10];1,5;0,25;1,25;0,19;EUR;20;IDATA_STAMP_01;i.ymv;IDATA_SRC_DATARECORD;iData;63;;2023-03-08 14:03:02 +01'00';2;INC_FAF_2021-08-01-21,08C1,017_REVEO_15089_A,pdf
YXwpQgy2VAZ;FR*M34*E34172*015*1*1;Unknown (not specified);2021-07-05 21:10:15+02:00;2021-07-06 06:54:47+02:00;09:44:32;2021-07-05 21:10:15+02:00;2021-07-06 06:54:47+02:00;;journée;584;45,618;0,078;kWh;0,033;[0-0,10];1,5;0,25;1,25;0,154;EUR;20;IDATA_STAMP_01;i.ymv;IDATA_SRC_DATARECORD;iData;65;;2023-03-08 13:59:00 +01'00';2;INC_FAF_2021-08-01-21,08C1,017_REVEO_15089_A,pdf
gKAkNVx5Pg;FR*M34*E34172*015*1*1;;2021-07-07 21:30:54+02:00;2021-07-08 04:54:11+02:00;07:23:16;2021-07-07 21:30:54+02:00;2021-07-08 04:54:11+02:00;;journée;443;26,139;0,059;kWh;0,057;[0-0,10];1,5;0,25;1,25;0,203;EUR;20;IDATA_STAMP_01;i.ymv;IDATA_SRC_DATARECORD;iData;67;;2022-12-29 14:44:32 +01'00';2;INC_FAF_2021-08-01-21,08C1,017_REVEO_15089_A,pdf
aBLXelMw06;FR*M34*E34172*015*1*1;Unknown (not specified);2021-07-10 23:06:17+02:00;2021-07-11 06:55:02+02:00;07:48:45;2021-07-10 23:06:17+02:00;2021-07-11 06:55:02+02:00;;journée;468;54,522;0,117;kWh;0,028;[0-0,10];1,5;0,25;1,25;0,192;EUR;20;IDATA_STAMP_01;i.ymv;IDATA_SRC_DATARECORD;iData;69;;2023-03-08 13:59:24 +01'00';2;INC_FAF_2021-08-01-21,08C1,017_REVEO_15089_A,pdf
NAA43z41xxD;FR*M34*E34172*019*9*1;Unknown (not specified);2021-07-15 09:41:04+02:00;2021-07-15 12:42:12+02:00;03:01:08;2021-07-15 09:41:04+02:00;2021-07-15 12:42:12+02:00;;journée;181;21,827;0,121;kWh;0,208;[0,20-0,30];4,55;0,76;3,79;1,508;EUR;20;IDATA_STAMP_01;i.ymv;IDATA_SRC_DATARECORD;iData;71;;2023-03-08 13:59:32 +01'00';2;INC_FAF_2021-08-01-21,08C1,017_REVEO_15089_A,pdf
VxXe2qvJMAQ;FR*EBN*EQPPN;Unknown (not specified);2021-07-15 17:30:30+00:00;2021-07-15 18:25:25+00:00;00:54:55;2021-07-15 17:30:30+00:00;2021-07-15 18:25:25+00:00;;journée;54;31,58;0,585;kWh;0,462;[0,40-0,50];14,58;2,43;12,15;16,2;EUR;20;IDATA_STAMP_01;i.ymv;IDATA_SRC_DATARECORD;iData;57;;2023-03-08 14:02:41 +01'00';2;INC_FAF_2021-08-01-21,08C1,017_REVEO_15089_A,pdf
LWkOg1B9Qe;FR*EBN*EJQVA*2;Unknown (not specified);2021-07-16 10:03:19+00:00;2021-07-16 12:13:05+00:00;02:09:46;2021-07-16 10:03:19+00:00;2021-07-16 12:13:05+00:00;;journée;129;9,91;0,077;kWh;0,421;[0,40-0,50];4,17;0,69;3,48;1,94;EUR;19;IDATA_STAMP_01;i.ymv;IDATA_SRC_DATARECORD;iData;59;;2023-03-08 14:03:28 +01'00';2;INC_FAF_2021-08-01-21,08C1,017_REVEO_15089_A,pdf
m5NwYYAVoP0;FR*M34*E34172*015*1*1;Unknown (not specified);2021-07-18 21:32:32+02:00;2021-07-19 06:55:21+02:00;09:22:49;2021-07-18 21:32:32+02:00;2021-07-19 06:55:21+02:00;;journée;562;67,211;0,12;kWh;0,022;[0-0,10];1,5;0,25;1,25;0,16;EUR;20;IDATA_STAMP_01;i.ymv;IDATA_SRC_DATARECORD;iData;73;;2023-03-08 14:02:54 +01'00';2;INC_FAF_2021-08-01-21,08C1,017_REVEO_15089_A,pdf
2DG2dqJxXzp;FR*M34*E34172*019*2*1;Unknown (not specified);2021-07-21 11:27:00+02:00;2021-07-21 15:01:31+02:00;03:34:30;2021-07-21 11:27:00+02:00;2021-07-21 15:01:31+02:00;;journée;214;13,251;0,062;kWh;0,406;[0,40-0,50];5,38;0,9;4,48;1,508;EUR;20;IDATA_STAMP_01;i.ymv;IDATA_SRC_DATARECORD;iData;75;;2023-03-08 13:55:35 +01'00';2;INC_FAF_2021-08-01-21,08C1,017_REVEO_15089_A,pdf
0dP3DNgYL2x;FR*M34*E34172*015*1*1;Unknown (not specified);2021-07-22 21:34:46+02:00;2021-07-23 06:29:07+02:00;08:54:20;2021-07-22 21:34:46+02:00;2021-07-23 06:29:07+02:00;;journée;534;34,478;0,065;kWh;0,044;[0-0,10];1,5;0,25;1,25;0,169;EUR;20;IDATA_STAMP_01;i.ymv;IDATA_SRC_DATARECORD;iData;77;;2023-03-08 13:55:55 +01'00';2;INC_FAF_2021-08-01-21,08C1,017_REVEO_15089_A,pdf
2J4ydMmZqwg;FR*S30*E30007*005*2*1;Unknown (not specified);2021-07-23 16:35:19+02:00;2021-07-23 17:28:06+02:00;00:52:47;2021-07-23 16:35:19+02:00;2021-07-23 17:28:06+02:00;;journée;52;2,975;0,057;kWh;0,229;[0,20-0,30];0,68;0,11;0,57;0,785;EUR;19;IDATA_STAMP_01;i.ymv;IDATA_SRC_DATARECORD;iData;61;;2023-03-08 14:03:13 +01'00';2;INC_FAF_2021-08-01-21,08C1,017_REVEO_15089_A,pdf
A1r46VZQxMv;FR*M34*E34172*015*1*1;Unknown (not specified);2021-07-24 07:14:54+02:00;2021-07-24 11:25:41+02:00;04:10:46;2021-07-24 07:14:54+02:00;2021-07-24 11:25:41+02:00;;journée;250;29,782;0,119;kWh;0,211;[0,20-0,30];6,28;1,05;5,23;1,507;EUR;20;IDATA_STAMP_01;i.ymv;IDATA_SRC_DATARECORD;iData;79;;2023-03-08 13:56:20 +01'00';2;INC_FAF_2021-08-01-21,08C1,017_REVEO_15089_A,pdf
zNKzm2QeAN9;FR*M34*E34172*015*1*1;Unknown (not specified);2021-07-25 00:24:05+02:00;2021-07-25 07:21:46+02:00;06:57:41;2021-07-25 00:24:05+02:00;2021-07-25 07:21:46+02:00;;journée;417;45,329;0,109;kWh;0,045;[0-0,10];2,05;0,34;1,71;0,295;EUR;19;IDATA_STAMP_01;i.ymv;IDATA_SRC_DATARECORD;iData;81;;2023-03-08 13:57:07 +01'00';2;INC_FAF_2021-08-01-21,08C1,017_REVEO_15089_A,pdf
klzyN409q0Z;FR*M34*E34172*015*1*1;Unknown (not specified);2021-07-29 23:00:31+02:00;2021-07-30 06:23:01+02:00;07:22:30;2021-07-29 23:00:31+02:00;2021-07-30 06:23:01+02:00;;journée;442;41,79;0,095;kWh;0,036;[0-0,10];1,5;0,25;1,25;0,204;EUR;20;IDATA_STAMP_01;i.ymv;IDATA_SRC_DATARECORD;iData;83;;2023-03-08 13:57:22 +01'00';2;INC_FAF_2021-08-01-21,08C1,017_REVEO_15089_A,pdf
er59ZovlQzR;FR*M34*E34172*019*9*1;Unknown (not specified);2021-07-30 08:35:36+02:00;2021-07-30 12:24:39+02:00;03:49:03;2021-07-30 08:35:36+02:00;2021-07-30 12:24:39+02:00;;journée;229;22,406;0,098;kWh;0,257;[0,20-0,30];5,75;0,96;4,79;1,507;EUR;20;IDATA_STAMP_01;i.ymv;IDATA_SRC_DATARECORD;iData;85;;2023-03-08 13:57:43 +01'00';2;INC_FAF_2021-08-01-21,08C1,017_REVEO_15089_A,pdf
2021-08-01 13H-24MM;FR * ION * E404503;HPC (High Power Current);01/08/2021 13:24;01/08/2021 13:58;00:34:00;13:24:00;13:58:00;;journée;34;36,104;1,062;Kilowatt-hour (kWh);0,228;[0,20-0,30];8,2178;0;8,218;14,502;EUR;0;IDATA_STAMP_01;i.ymv;IDATA_SRC_DATARECORD;iData;75;;2023-03-08 11:54:56 +01'00';3;INC_FAF_2021-08-31-21,09C1,019_MERCEDES-ME-CHARGE_DFR00002389_A,pdf
2021-08-15 11H-39MM;FR * ION * E403502;HPC (High Power Current);15/08/2021 11:39;15/08/2021 12:21;00:42:00;11:39:00;12:21:00;;journée;42;46,038;1,096;Kilowatt-hour (kWh);0,221;[0,20-0,30];10,1514;0;10,151;14,502;EUR;0;IDATA_STAMP_01;i.ymv;IDATA_SRC_DATARECORD;iData;77;;2023-03-08 11:55:36 +01'00';3;INC_FAF_2021-08-31-21,09C1,019_MERCEDES-ME-CHARGE_DFR00002389_A,pdf
2021-08-15 14H-28MM;FR * ION * E409302;HPC (High Power Current);15/08/2021 14:28;15/08/2021 14:54;00:26:00;14:28:00;14:54:00;;journée;26;43,699;1,681;Kilowatt-hour (kWh);0,144;[0,10-0,20];6,2842;0;6,284;14,502;EUR;0;IDATA_STAMP_01;i.ymv;IDATA_SRC_DATARECORD;iData;79;;2023-03-08 11:58:28 +01'00';3;INC_FAF_2021-08-31-21,09C1,019_MERCEDES-ME-CHARGE_DFR00002389_A,pdf
2021-08-22 11H-11MM;FR * ION * E413001;HPC (High Power Current);22/08/2021 11:11;22/08/2021 11:30;00:19:00;11:11:00;11:30:00;;journée;19;29,451;1,55;Kilowatt-hour (kWh);0,156;[0,10-0,20];4,5923;0;4,592;14,502;EUR;0;IDATA_STAMP_01;i.ymv;IDATA_SRC_DATARECORD;iData;81;;2023-03-08 11:56:29 +01'00';3;INC_FAF_2021-08-31-21,09C1,019_MERCEDES-ME-CHARGE_DFR00002389_A,pdf
2021-08-18 09H-54MM;IT * DUF * EM0063 * 1;DC (Direct Current);18/08/2021 09:54;18/08/2021 10:38;00:44:00;09:54:00;10:38:00;;journée;44;25,52;0,58;kWh;0,369;[0,30-0,40];9,4131;0;9,413;12,836;EUR;0;IDATA_STAMP_01;i.ymv;IDATA_SRC_DATARECORD;iData;76;;2023-03-08 12:01:28 +01'00';3;INC_FAF_2021-08-31-21,09C1,020_MERCEDES-ME-CHARGE_DIT00001517_A,pdf
G3Lakwbmpw3;FR*M34*E34172*015*1*1;Unknown (not specified);2021-08-02 21:30:30+02:00;2021-08-03 06:56:57+02:00;09:26:26;2021-08-02 21:30:30+02:00;2021-08-03 06:56:57+02:00;;journée;566;67,773;0,12;kWh;0,022;[0-0,10];1,5;0,25;1,25;0,159;EUR;20;IDATA_STAMP_01;i.ymv;IDATA_SRC_DATARECORD;iData;74;;2023-03-08 14:03:25 +01'00';2;INC_FAF_2021-09-01-21,09C1,038_REVEO_18142_A,pdf
b3aGMKzeG8N;FR*M34*E34172*015*1*1;Unknown (not specified);2021-08-10 23:22:53+02:00;2021-08-11 05:49:21+02:00;06:26:28;2021-08-10 23:22:53+02:00;2021-08-11 05:49:21+02:00;;journée;386;45,943;0,119;kWh;0,033;[0-0,10];1,5;0,25;1,25;0,233;EUR;20;IDATA_STAMP_01;i.ymv;IDATA_SRC_DATARECORD;iData;76;;2023-03-08 14:00:14 +01'00';2;INC_FAF_2021-09-01-21,09C1,038_REVEO_18142_A,pdf
yqMrwMMaGr5;FR*EBN*EGLFN*1;Unknown (not specified);2021-08-15 21:33:11+00:00;2021-08-16 07:08:25+00:00;09:35:14;2021-08-15 21:33:11+00:00;2021-08-16 07:08:25+00:00;;journée;575;69,452;0,121;kWh;0,334;[0,30-0,40];23,22;3,87;19,35;2,423;EUR;20;IDATA_STAMP_01;i.ymv;IDATA_SRC_DATARECORD;iData;78;;2023-03-08 14:03:38 +01'00';2;INC_FAF_2021-09-01-21,09C1,038_REVEO_18142_A,pdf
2021-09-06 05H-57MM;FR * ION * E403502;HPC (High Power Current);06/09/2021 05:57;06/09/2021 06:26;00:29:00;05:57:00;06:26:00;;journée;29;36,239;1,25;Kilowatt-hour (kWh);0,193;[0,10-0,20];7,0093;0;7,009;14,502;EUR;0;IDATA_STAMP_01;i.ymv;IDATA_SRC_DATARECORD;iData;83;;2023-03-08 11:57:57 +01'00';3;INC_FAF_2021-09-30-21,10C1,012_MERCEDES-ME-CHARGE_DFR00002961_A,pdf
2021-09-09 17H-09MM;FR * ION * E403602;HPC (High Power Current);09/09/2021 17:09;09/09/2021 17:38;00:29:00;17:09:00;17:38:00;;journée;29;44,342;1,529;Kilowatt-hour (kWh);0,158;[0,10-0,20];7,0093;0;7,009;14,502;EUR;0;IDATA_STAMP_01;i.ymv;IDATA_SRC_DATARECORD;iData;85;;2023-03-08 11:58:11 +01'00';3;INC_FAF_2021-09-30-21,10C1,012_MERCEDES-ME-CHARGE_DFR00002961_A,pdf
Lq9YPqmLNOx;FR*M34*E34172*015*1*1;Unknown (not specified);2021-09-18 12:13:37+02:00;2021-09-18 17:19:52+02:00;05:06:15;2021-09-18 12:13:37+02:00;2021-09-18 17:19:52+02:00;;journée;306;34,43;0,113;kWh;0,223;[0,20-0,30];7,68;1,28;6,4;1,506;EUR;20;IDATA_STAMP_01;i.ymv;IDATA_SRC_DATARECORD;iData;55;;2023-03-08 14:04:06 +01'00';2;INC_FAF_2021-10-01-21,10C1,016_REVEO_35142_A,pdf
9d3LQG4ew62;FR*M34*E34057*003*1*1;Unknown (not specified);2021-09-30 17:11:32+02:00;2021-09-30 17:36:39+02:00;00:25:07;2021-09-30 17:11:32+02:00;2021-09-30 17:36:39+02:00;;journée;25;2,368;0,095;kWh;0,633;[0,60-0,70];1,5;0,25;1,25;3,6;EUR;20;IDATA_STAMP_01;i.ymv;IDATA_SRC_DATARECORD;iData;57;;2023-03-08 14:04:22 +01'00';2;INC_FAF_2021-10-01-21,10C1,016_REVEO_35142_A,pdf
2021-11-03 14H-11MM;FR * ION * E421503;HPC (High Power Current);03/11/2021 14:11;03/11/2021 14:36;00:25:00;14:11:00;14:36:00;;journée;25;35,112;1,404;Kilowatt-hour (kWh);0,172;[0,10-0,20];6,0425;0;6,043;14,502;EUR;0;IDATA_STAMP_01;i.ymv;IDATA_SRC_DATARECORD;iData;43;;2023-03-08 11:59:39 +01'00';3;INC_FAF_2021-10-30-21,12C1,009_MERCEDES-ME-CHARGE_DFR00004124_A,pdf
2021-11-03 15H-25MM;FR * ION * E401902;HPC (High Power Current);03/11/2021 15:25;03/11/2021 16:01;00:36:00;15:25:00;16:01:00;;journée;36;42,075;1,169;Kilowatt-hour (kWh);0,207;[0,20-0,30];8,7012;0;8,701;14,502;EUR;0;IDATA_STAMP_01;i.ymv;IDATA_SRC_DATARECORD;iData;45;;2023-03-08 11:59:52 +01'00';3;INC_FAF_2021-10-30-21,12C1,009_MERCEDES-ME-CHARGE_DFR00004124_A,pdf
2021-11-05 13H-27MM;FR * ION * E401803;HPC (High Power Current);05/11/2021 13:27;05/11/2021 14:29;01:02:00;13:27:00;14:29:00;;journée;62;71,463;1,153;Kilowatt-hour (kWh);0,21;[0,20-0,30];14,9854;0;14,985;14,502;EUR;0;IDATA_STAMP_01;i.ymv;IDATA_SRC_DATARECORD;iData;47;;2023-03-08 12:00:05 +01'00';3;INC_FAF_2021-10-30-21,12C1,009_MERCEDES-ME-CHARGE_DFR00004124_A,pdf
2021-11-11 14H-42MM;FR * PVD * EPROVIRIDIS*SMC * 01 * 2;DC (Direct Current);11/11/2021 14:42;11/11/2021 14:58;00:16:00;14:42:00;14:58:00;;journée;16;11,449;0,716;Kilowatt-hour (kWh);0,383;[0,30-0,40];4,3884;0;4,388;16,457;EUR;0;IDATA_STAMP_01;i.ymv;IDATA_SRC_DATARECORD;iData;49;;2023-03-08 12:00:50 +01'00';3;INC_FAF_2021-10-30-21,12C1,009_MERCEDES-ME-CHARGE_DFR00004124_A,pdf
2021-11-13 11H-31MM;FR * HPC * ENF007052 * 001 * 1 * 1;DC (Direct Current);13/11/2021 11:31;13/11/2021 11:44;00:13:00;11:31:00;11:44:00;;journée;13;3,663;0,282;Kilowatt-hour (kWh);2,07;[1,50-4];7,5833;0;7,583;35;EUR;0;IDATA_STAMP_01;i.ymv;IDATA_SRC_DATARECORD;iData;51;;2023-03-08 12:00:37 +01'00';3;INC_FAF_2021-10-30-21,12C1,009_MERCEDES-ME-CHARGE_DFR00004124_A,pdf
DWQoa8vGWw;FR*M34*E34057*003*2*1;Unknown (not specified);2021-10-05 17:07:29+02:00;2021-10-05 17:33:17+02:00;00:25:47;2021-10-05 17:07:29+02:00;2021-10-05 17:33:17+02:00;;journée;25;2,494;0,1;kWh;0,601;[0,60-0,70];1,5;0,25;1,25;3,6;EUR;20;IDATA_STAMP_01;i.ymv;IDATA_SRC_DATARECORD;iData;69;;2023-03-08 14:07:45 +01'00';2;INC_FAF_2021-11-01-21,11C1,033_REVEO_45589_A,pdf
6dGakYKz6B0;FR*M34*E34172*019*9*1;Unknown (not specified);2021-10-07 22:14:28+02:00;2021-10-08 05:14:24+02:00;06:59:56;2021-10-07 22:14:28+02:00;2021-10-08 05:14:24+02:00;;journée;419;40,057;0,096;kWh;0,037;[0-0,10];1,5;0,25;1,25;0,215;EUR;20;IDATA_STAMP_01;i.ymv;IDATA_SRC_DATARECORD;iData;71;;2023-03-08 14:07:58 +01'00';2;INC_FAF_2021-11-01-21,11C1,033_REVEO_45589_A,pdf
Xp668pp6x3;FR*M34*E34172*015*1*1;Unknown (not specified);2021-10-10 21:20:39+02:00;2021-10-11 05:00:31+02:00;07:39:52;2021-10-10 21:20:39+02:00;2021-10-11 05:00:31+02:00;;journée;459;22,853;0,05;kWh;0,066;[0-0,10];1,5;0,25;1,25;0,196;EUR;20;IDATA_STAMP_01;i.ymv;IDATA_SRC_DATARECORD;iData;73;;2023-03-08 14:07:52 +01'00';2;INC_FAF_2021-11-01-21,11C1,033_REVEO_45589_A,pdf
YXk2NM8WDql;FR*P07*E31555*004/B1;Unknown (not specified);2021-11-01 17:25:57+01:00;2021-11-02 10:40:01+01:00;17:14:04;2021-11-01 17:25:57+01:00;2021-11-02 10:40:01+01:00;;journée;1034;63,554;0,061;kWh;0,789;[0,70-0,80];50,12;8,35;41,77;2,908;EUR;19;IDATA_STAMP_01;i.ymv;IDATA_SRC_DATARECORD;iData;59;;2023-03-08 14:08:56 +01'00';2;INC_FAF_2021-12-01-21,12C1,018_REVEO_56212_A,pdf
8zYXdR8q9k4;FR*P07*E31555*004/B1;Unknown (not specified);2021-11-02 17:18:42+01:00;2021-11-02 22:58:51+01:00;05:40:09;2021-11-02 17:18:42+01:00;2021-11-02 22:58:51+01:00;;journée;340;20,751;0,061;kWh;0,793;[0,70-0,80];16,46;2,74;13,72;2,905;EUR;19;IDATA_STAMP_01;i.ymv;IDATA_SRC_DATARECORD;iData;61;;2023-03-08 14:09:11 +01'00';2;INC_FAF_2021-12-01-21,12C1,018_REVEO_56212_A,pdf
MZb84ad3e3m;FR*P07*E64122*002/B1;Unknown (not specified);2021-11-04 12:21:20+01:00;2021-11-04 14:24:33+01:00;02:03:13;2021-11-04 12:21:20+01:00;2021-11-04 14:24:33+01:00;;journée;123;7,624;0,062;kWh;0,788;[0,70-0,80];6,01;1,01;5;2,932;EUR;20;IDATA_STAMP_01;i.ymv;IDATA_SRC_DATARECORD;iData;63;;2023-03-08 14:09:28 +01'00';2;INC_FAF_2021-12-01-21,12C1,018_REVEO_56212_A,pdf
8wbMDeyePZl;FR*S65*E65286*008*2*1;Unknown (not specified);2021-11-05 11:45:22+01:00;2021-11-05 12:59:44+01:00;01:14:21;2021-11-05 11:45:22+01:00;2021-11-05 12:59:44+01:00;;journée;74;8,834;0,119;kWh;0,213;[0,20-0,30];1,88;0,31;1,57;1,524;EUR;19;IDATA_STAMP_01;i.ymv;IDATA_SRC_DATARECORD;iData;65;;2023-03-08 14:09:50 +01'00';2;INC_FAF_2021-12-01-21,12C1,018_REVEO_56212_A,pdf
JBddR2ZxgmW;FR*M34*E34172*015*1*1;Unknown (not specified);2021-11-05 21:42:29+01:00;2021-11-06 06:59:41+01:00;09:17:12;2021-11-05 21:42:29+01:00;2021-11-06 06:59:41+01:00;;journée;557;66,967;0,12;kWh;0,022;[0-0,10];1,5;0,25;1,25;0,162;EUR;20;IDATA_STAMP_01;i.ymv;IDATA_SRC_DATARECORD;iData;67;;2023-03-08 14:10:07 +01'00';2;INC_FAF_2021-12-01-21,12C1,018_REVEO_56212_A,pdf
2J25WkBQBox;FR*M34*E34172*015*1*1;Unknown (not specified);2021-11-07 21:32:24+01:00;2021-11-08 05:57:42+01:00;08:25:17;2021-11-07 21:32:24+01:00;2021-11-08 05:57:42+01:00;;journée;505;60,537;0,12;kWh;0,025;[0-0,10];1,5;0,25;1,25;0,178;EUR;20;IDATA_STAMP_01;i.ymv;IDATA_SRC_DATARECORD;iData;69;;2023-03-08 14:10:22 +01'00';2;INC_FAF_2021-12-01-21,12C1,018_REVEO_56212_A,pdf
5J16dxZegvr;FR*M34*E34172*015*1*1;Unknown (not specified);2021-11-11 07:43:35+01:00;2021-11-11 11:08:22+01:00;03:24:46;2021-11-11 07:43:35+01:00;2021-11-11 11:08:22+01:00;;journée;204;17,836;0,087;kWh;0,288;[0,20-0,30];5,13;0,86;4,27;1,509;EUR;20;IDATA_STAMP_01;i.ymv;IDATA_SRC_DATARECORD;iData;71;;2023-03-08 14:10:36 +01'00';2;INC_FAF_2021-12-01-21,12C1,018_REVEO_56212_A,pdf
LYZQOOWKrpP;FR*M34*E34172*015*1*1;Unknown (not specified);2021-11-13 21:20:39+01:00;2021-11-14 07:41:30+01:00;10:20:51;2021-11-13 21:20:39+01:00;2021-11-14 07:41:30+01:00;;journée;620;66,204;0,107;kWh;0,039;[0-0,10];2,55;0,42;2,13;0,247;EUR;19;IDATA_STAMP_01;i.ymv;IDATA_SRC_DATARECORD;iData;73;;2023-03-08 14:10:48 +01'00';2;INC_FAF_2021-12-01-21,12C1,018_REVEO_56212_A,pdf
dO3mrJGzAvd;FR*M34*E34172*015*1*1;Unknown (not specified);2021-11-14 21:37:52+01:00;2021-11-15 04:59:32+01:00;07:21:39;2021-11-14 21:37:52+01:00;2021-11-15 04:59:32+01:00;;journée;441;20,633;0,047;kWh;0,073;[0-0,10];1,5;0,25;1,25;0,204;EUR;20;IDATA_STAMP_01;i.ymv;IDATA_SRC_DATARECORD;iData;75;;2023-03-08 14:11:03 +01'00';2;INC_FAF_2021-12-01-21,12C1,018_REVEO_56212_A,pdf
AAJrx86g9Jb;FR*M34*E34172*019*9*1;Unknown (not specified);2021-11-25 22:52:59+01:00;2021-11-26 07:00:18+01:00;08:07:19;2021-11-25 22:52:59+01:00;2021-11-26 07:00:18+01:00;;journée;487;59,821;0,123;kWh;0,026;[0-0,10];1,53;0,26;1,27;0,189;EUR;20;IDATA_STAMP_01;i.ymv;IDATA_SRC_DATARECORD;iData;77;;2023-03-08 14:11:29 +01'00';2;INC_FAF_2021-12-01-21,12C1,018_REVEO_56212_A,pdf
m2Gqwdk3rrK;FR*S30*E30003*002*1*1;Unknown (not specified);2021-11-27 19:51:57+01:00;2021-11-27 23:18:33+01:00;03:26:36;2021-11-27 19:51:57+01:00;2021-11-27 23:18:33+01:00;;journée;206;11,813;0,057;kWh;0,367;[0,30-0,40];4,33;0,74;3,59;1,261;EUR;20;IDATA_STAMP_01;i.ymv;IDATA_SRC_DATARECORD;iData;81;;2023-03-08 14:12:02 +01'00';2;INC_FAF_2021-12-01-21,12C1,018_REVEO_56212_A,pdf
5zmmR18NxOP;FR*M34*E34172*015*2*1;Unknown (not specified);2021-11-27 21:53:29+01:00;2021-11-28 06:03:00+01:00;08:09:31;2021-11-27 21:53:29+01:00;2021-11-28 06:03:00+01:00;;journée;489;26,293;0,054;kWh;0,057;[0-0,10];1,5;0,25;1,25;0,184;EUR;20;IDATA_STAMP_01;i.ymv;IDATA_SRC_DATARECORD;iData;79;;2023-03-08 14:11:42 +01'00';2;INC_FAF_2021-12-01-21,12C1,018_REVEO_56212_A,pdf
2021-12-02-10H-10MM;FR * ION * E403501;HPC (High Power Current);02/12/2021 10:10;02/12/2021 10:40;00:30:00;10:10:00;10:40:00;;journée;30;39,743;1,325;kWh;0,182;[0,10-0,20];7,251;0;7,251;14,502;EUR;0;IDATA_STAMP_01;i.ymv;IDATA_SRC_DATARECORD;iData;63;;2023-03-08 12:03:23 +01'00';3;INC_FAF_2021-12-31-00_MERCEDES-ME-CHARGE_DFR00004757_A,pdf
2021-12-02 12H-06MM;FR * HPC * ENF006467 * 001 * 1;DC (Direct Current);02/12/2021 12:06;02/12/2021 12:07;00:01:00;12:06:00;12:07:00;;journée;1;0,007;0,007;Kilowatt-hour (kWh);0;[0-0,10];0;0;0;0;EUR;0;IDATA_STAMP_01;i.ymv;IDATA_SRC_DATARECORD;iData;65;;2023-03-08 12:06:38 +01'00';3;INC_FAF_2021-12-31-00_MERCEDES-ME-CHARGE_DFR00004757_A,pdf
2021-12-02 12H-09MM;FR * HPC * ENF006467 *001 * 1;AC (Alternating Current);02/12/2021 12:09;02/12/2021 12:25;00:16:00;12:09:00;12:25:00;;journée;16;1,48;0,093;Kilowatt-hour (kWh);3,964;[1,50-4];5,8667;0;5,867;22;EUR;0;IDATA_STAMP_01;i.ymv;IDATA_SRC_DATARECORD;iData;67;;2023-03-08 12:06:38 +01'00';3;INC_FAF_2021-12-31-00_MERCEDES-ME-CHARGE_DFR00004757_A,pdf
2021-12-02 12H-34MM;FR * GLY * ELYON * 45 * 2 * 1;AC (Alternating Current);02/12/2021 12:34;02/12/2021 12:44;00:10:00;12:34:00;12:44:00;;journée;10;3,6;0,36;Kilowatt-hour (kWh);1,528;[1,50-4];5,5;0;5,5;33;EUR;0;IDATA_STAMP_01;i.ymv;IDATA_SRC_DATARECORD;iData;69;;2023-03-08 12:04:40 +01'00';3;INC_FAF_2021-12-31-00_MERCEDES-ME-CHARGE_DFR00004757_A,pdf
2021-12-02 16H-15MM;FR * GLY * ELYON * 45 * 2 * 1;AC (Alternating Current);02/12/2021 16:15;02/12/2021 16:35;00:20:00;16:15:00;16:35:00;;journée;20;7,1;0,355;Kilowatt-hour (kWh);0,775;[0,70-0,80];5,5;0;5,5;16,5;EUR;0;IDATA_STAMP_01;i.ymv;IDATA_SRC_DATARECORD;iData;71;;2023-03-08 12:05:26 +01'00';3;INC_FAF_2021-12-31-00_MERCEDES-ME-CHARGE_DFR00004757_A,pdf
2021-12-02 17H-16MM;FR * ION * E413002;HPC (High Power Current);02/12/2021 17:16;02/12/2021 17:41;00:25:00;17:16:00;17:41:00;;journée;25;41,025;1,641;Kilowatt-hour (kWh);0,147;[0,10-0,20];6,0425;0;6,043;14,502;EUR;0;IDATA_STAMP_01;i.ymv;IDATA_SRC_DATARECORD;iData;73;;2023-03-08 12:05:56 +01'00';3;INC_FAF_2021-12-31-00_MERCEDES-ME-CHARGE_DFR00004757_A,pdf
2021-12-02 18H-31MM;FR * ION * E403603;HPC (High Power Current);02/12/2021 18:31;02/12/2021 19:09;00:40:00;18:31:00;19:09:00;;journée;40;51,068;1,277;Kilowatt-hour (kWh);0,189;[0,10-0,20];9,668;0;9,668;14,502;EUR;0;IDATA_STAMP_01;i.ymv;IDATA_SRC_DATARECORD;iData;75;;2023-03-08 12:06:09 +01'00';3;INC_FAF_2021-12-31-00_MERCEDES-ME-CHARGE_DFR00004757_A,pdf
2021-12-21 19H-12MM;FR * ION * E403501;HPC (High Power Current);21/12/2021 19:12;21/12/2021 20:15;01:03:00;19:12:00;20:15:00;;journée;63;55,118;0,875;Kilowatt-hour (kWh);0,276;[0,20-0,30];15,2271;0;15,227;14,502;EUR;0;IDATA_STAMP_01;i.ymv;IDATA_SRC_DATARECORD;iData;77;;2023-03-08 12:06:19 +01'00';3;INC_FAF_2021-12-31-00_MERCEDES-ME-CHARGE_DFR00004757_A,pdf
2021-12-22 13H-MM;FR * URW * EUNIB * 10 * 2 * 2;AC (Alternating Current);22/12/2021 13:10;22/12/2021 14:40;01:30:00;13:10:00;14:40:00;;journée;90;8,909;0,099;Kilowatt-hour (kWh);0,227;[0,20-0,30];2,025;0;2,025;1,35;EUR;0;IDATA_STAMP_01;i.ymv;IDATA_SRC_DATARECORD;iData;79;;2023-03-08 12:06:36 +01'00';3;INC_FAF_2021-12-31-00_MERCEDES-ME-CHARGE_DFR00004757_A,pdf
2021-12-22 19H-53MM;FR * GLY * ELYON * 131 * 1 * 1;AC (Alternating Current);22/12/2021 19:53;22/12/2021 21:10;01:43:00;19:53:00;21:10:00;;journée;103;40,3;0,391;Kilowatt-hour (kWh);0,149;[0,10-0,20];6,0083;0;6,008;3,5;EUR;0;IDATA_STAMP_01;i.ymv;IDATA_SRC_DATARECORD;iData;124;;2023-03-08 12:06:55 +01'00';4;INC_FAF_2021-12-31-00_MERCEDES-ME-CHARGE_DFR00004757_A,pdf
2021-12-24 13H-40MM;FR * ION * E402501;HPC (High Power Current);24/12/2021 13:40;24/12/2021 13:51;00:11:00;13:40:00;13:51:00;;journée;11;15,021;1,366;Kilowatt-hour (kWh);0,177;[0,10-0,20];2,6587;0;2,659;14,502;EUR;0;IDATA_STAMP_01;i.ymv;IDATA_SRC_DATARECORD;iData;126;;2023-03-08 12:07:10 +01'00';4;INC_FAF_2021-12-31-00_MERCEDES-ME-CHARGE_DFR00004757_A,pdf
2021-12-27 12H-04MM;FR * ION * E438902;HPC (High Power Current);27/12/2021 12:04;27/12/2021 12:23;00:19:00;12:04:00;12:23:00;;journée;19;16,142;0,85;Kilowatt-hour (kWh);0,284;[0,20-0,30];4,5923;0;4,592;14,502;EUR;0;IDATA_STAMP_01;i.ymv;IDATA_SRC_DATARECORD;iData;128;;2023-03-08 12:07:21 +01'00';4;INC_FAF_2021-12-31-00_MERCEDES-ME-CHARGE_DFR00004757_A,pdf
2021-12-27 14H-11MM;FRALLEGO0020731;DC (Direct Current);27/12/2021 14:11;27/12/2021 14:50;00:39:00;14:11:00;14:50:00;;journée;39;56,828;1,457;Kilowatt-hour (kWh);0,4;[0,30-0,40];22,7312;0;22,731;34,971;EUR;0;IDATA_STAMP_01;i.ymv;IDATA_SRC_DATARECORD;iData;130;;2023-03-08 12:07:36 +01'00';4;INC_FAF_2021-12-31-00_MERCEDES-ME-CHARGE_DFR00004757_A,pdf
2021-12-27 15H-58MM;FR * ION * E432705;HPC (High Power Current);27/12/2021 15:58;27/12/2021 16:21;00:23:00;15:58:00;16:21:00;;journée;23;29,603;1,287;Kilowatt-hour (kWh);0,188;[0,10-0,20];5,5591;0;5,559;14,502;EUR;0;IDATA_STAMP_01;i.ymv;IDATA_SRC_DATARECORD;iData;132;;2023-03-08 12:07:48 +01'00';4;INC_FAF_2021-12-31-00_MERCEDES-ME-CHARGE_DFR00004757_A,pdf
2021-12-28 16H-58MM;FR * FR1 * ELABX * 1;AC (Alternating Current);28/12/2021 16:58;28/12/2021 18:57;01:55:00;16:58:00;18:57:00;;journée;115;57,21;0,497;Kilowatt-hour (kWh);0,067;[0-0,10];3,8333;0;3,833;2;EUR;0;IDATA_STAMP_01;i.ymv;IDATA_SRC_DATARECORD;iData;134;;2023-03-08 12:08:17 +01'00';4;INC_FAF_2021-12-31-00_MERCEDES-ME-CHARGE_DFR00004757_A,pdf
2021-12-30 11H-27MM;FR * FR1 * ELABX * 1;HPC (High Power Current);30/12/2021 11:27;30/12/2021 11:45;00:18:00;11:27:00;11:45:00;;journée;18;21,32;1,184;Kilowatt-hour (kWh);0,204;[0,20-0,30];4,3506;0;4,351;14,502;EUR;0;IDATA_STAMP_01;i.ymv;IDATA_SRC_DATARECORD;iData;136;;2023-03-08 12:08:30 +01'00';4;INC_FAF_2021-12-31-00_MERCEDES-ME-CHARGE_DFR00004757_A,pdf
2021-12-30 12H-46MM;FRALLEGO0020751;DC (Direct Current);30/12/2021 12:46;30/12/2021 13:31;00:45:00;12:46:00;13:31:00;;journée;45;53,254;1,183;Kilowatt-hour (kWh);0,4;[0,30-0,40];21,3016;0;21,302;28,402;EUR;0;IDATA_STAMP_01;i.ymv;IDATA_SRC_DATARECORD;iData;138;;2023-03-08 12:08:43 +01'00';4;INC_FAF_2021-12-31-00_MERCEDES-ME-CHARGE_DFR00004757_A,pdf
2021-12-02 10H-10MM;FR * ION * E403501;HPC (High Power Current);02/12/2021 10:10;02/12/2021 10:40;00:30:00;10:10:00;10:40:00;;journée;30;39,743;1,325;Kilowatt-hour (kWh);0,182;[0,10-0,20];7,251;0;7,251;14,502;EUR;0;IDATA_STAMP_01;i.ymv;IDATA_SRC_DATARECORD;iData;107;;2023-03-08 12:09:11 +01'00';3;INC_FAF_2021-12-31-22,01C1,003_MERCEDES-ME-CHARGE_DFR00004757_A,pdf
2021-12-02 12H-06MM;FR * HPC * ENF006467 * 001 * 3;DC (Direct Current);02/12/2021 12:06;02/12/2021 12:07;00:01:00;12:06:00;12:07:00;;journée;1;0,007;0,007;Kilowatt-hour (kWh);0;[0-0,10];0;0;0;0;EUR;0;IDATA_STAMP_01;i.ymv;IDATA_SRC_DATARECORD;iData;109;;2023-03-08 12:09:23 +01'00';3;INC_FAF_2021-12-31-22,01C1,003_MERCEDES-ME-CHARGE_DFR00004757_A,pdf
2021-12-02 12H-09MM;FR * HPC * ENF006467 * 001 * 1;AC (Alternating Current);02/12/2021 12:09;02/12/2021 12:25;00:16:00;12:09:00;12:25:00;;journée;16;1,48;0,093;Kilowatt-hour (kWh);3,964;[1,50-4];5,8667;0;5,867;22;EUR;0;IDATA_STAMP_01;i.ymv;IDATA_SRC_DATARECORD;iData;111;;2023-03-08 12:09:44 +01'00';3;INC_FAF_2021-12-31-22,01C1,003_MERCEDES-ME-CHARGE_DFR00004757_A,pdf
2021-12-02 12H-34MM;FR * GLY * ELYON * 45 * 2 * 1;AC (Alternating Current);02/12/2021 12:34;02/12/2021 12:44;00:10:00;12:34:00;12:44:00;;journée;10;3,6;0,36;Kilowatt-hour (kWh);1,528;[1,50-4];5,5;0;5,5;33;EUR;0;IDATA_STAMP_01;i.ymv;IDATA_SRC_DATARECORD;iData;113;;2023-03-08 12:10:28 +01'00';3;INC_FAF_2021-12-31-22,01C1,003_MERCEDES-ME-CHARGE_DFR00004757_A,pdf
2021-12-02 16H-15MM;FR * GLY * ELYON * 45 * 2 * 1;AC (Alternating Current);02/12/2021 16:15;02/12/2021 16:35;00:20:00;16:15:00;16:35:00;;journée;20;7,1;0,355;Kilowatt-hour (kWh);0,775;[0,70-0,80];5,5;0;5,5;16,5;EUR;0;IDATA_STAMP_01;i.ymv;IDATA_SRC_DATARECORD;iData;115;;2023-03-08 12:10:19 +01'00';3;INC_FAF_2021-12-31-22,01C1,003_MERCEDES-ME-CHARGE_DFR00004757_A,pdf
2021-12-02 17H-16MM;FR * ION * E413002;HPC (High Power Current);02/12/2021 17:16;02/12/2021 17:41;00:25:00;17:16:00;17:41:00;;journée;25;41,025;1,641;Kilowatt-hour (kWh);0,147;[0,10-0,20];6,0425;0;6,043;14,502;EUR;0;IDATA_STAMP_01;i.ymv;IDATA_SRC_DATARECORD;iData;117;;2023-03-08 12:10:50 +01'00';3;INC_FAF_2021-12-31-22,01C1,003_MERCEDES-ME-CHARGE_DFR00004757_A,pdf
2021-12-02 18H-31MM;FR * ION * E403603;HPC (High Power Current);02/12/2021 18:31;02/12/2021 19:11;00:40:00;18:31:00;19:11:00;;journée;40;51,068;1,277;Kilowatt-hour (kWh);0,189;[0,10-0,20];9,668;0;9,668;14,502;EUR;0;IDATA_STAMP_01;i.ymv;IDATA_SRC_DATARECORD;iData;119;;2023-03-08 12:11:03 +01'00';3;INC_FAF_2021-12-31-22,01C1,003_MERCEDES-ME-CHARGE_DFR00004757_A,pdf
2021-12-21 19H-12MM;FR * ION * E403501;HPC (High Power Current);21/12/2021 19:12;21/12/2021 20:15;01:03:00;19:12:00;20:15:00;;journée;63;55,118;0,875;Kilowatt-hour (kWh);0,276;[0,20-0,30];15,2271;0;15,227;14,502;EUR;0;IDATA_STAMP_01;i.ymv;IDATA_SRC_DATARECORD;iData;121;;2023-03-08 12:11:18 +01'00';3;INC_FAF_2021-12-31-22,01C1,003_MERCEDES-ME-CHARGE_DFR00004757_A,pdf
2021-12-22 13H-10MM;FR * URW * EUNIB * 10 * 2 * 2;AC (Alternating Current);22/12/2021 13:10;22/12/2021 14:40;01:30:00;13:10:00;14:40:00;;journée;90;8,909;0,099;Kilowatt-hour (kWh);0,227;[0,20-0,30];2,025;0;2,025;1,35;EUR;0;IDATA_STAMP_01;i.ymv;IDATA_SRC_DATARECORD;iData;123;;2023-03-08 12:11:30 +01'00';3;INC_FAF_2021-12-31-22,01C1,003_MERCEDES-ME-CHARGE_DFR00004757_A,pdf
2021-12-22 19H-53MM;FR * GLY * ELYON * 131 * 1 * 1;AC (Alternating Current);22/12/2021 19:53;22/12/2021 21:36;01:30:00;19:53:00;21:36:00;;journée;90;40,3;0,448;Kilowatt-hour (kWh);0,149;[0,10-0,20];6,0083;0;6,008;4,006;EUR;0;IDATA_STAMP_01;i.ymv;IDATA_SRC_DATARECORD;iData;57;;2023-03-08 12:11:51 +01'00';4;INC_FAF_2021-12-31-22,01C1,003_MERCEDES-ME-CHARGE_DFR00004757_A,pdf
2021-12-24 13H-40MM;FR * ION * E402501;HPC (High Power Current);24/12/2021 13:40;24/12/2021 13:51;00:11:00;13:40:00;13:51:00;;journée;11;15,021;1,366;Kilowatt-hour (kWh);0,177;[0,10-0,20];2,6587;0;2,659;14,502;EUR;0;IDATA_STAMP_01;i.ymv;IDATA_SRC_DATARECORD;iData;59;;2023-03-08 12:13:12 +01'00';4;INC_FAF_2021-12-31-22,01C1,003_MERCEDES-ME-CHARGE_DFR00004757_A,pdf
2021-12-27 12H-04MM;FR * ION * E438902;HPC (High Power Current);27/12/2021 12:04;27/12/2021 12:23;00:19:00;12:04:00;12:23:00;;journée;19;16,142;0,85;Kilowatt-hour (kWh);0,284;[0,20-0,30];4,5923;0;4,592;14,502;EUR;0;IDATA_STAMP_01;i.ymv;IDATA_SRC_DATARECORD;iData;61;;2023-03-08 12:13:01 +01'00';4;INC_FAF_2021-12-31-22,01C1,003_MERCEDES-ME-CHARGE_DFR00004757_A,pdf
2021-12-27 14H-11MM;FRALLEGO0020731;DC (Direct Current);27/12/2021 14:11;27/12/2021 14:50;00:39:00;14:11:00;14:50:00;;journée;39;56,828;1,457;Kilowatt-hour (kWh);0,4;[0,30-0,40];22,7312;0;22,731;34,971;EUR;0;IDATA_STAMP_01;i.ymv;IDATA_SRC_DATARECORD;iData;63;;2023-03-08 12:12:25 +01'00';4;INC_FAF_2021-12-31-22,01C1,003_MERCEDES-ME-CHARGE_DFR00004757_A,pdf
2021-12-27 15H-58MM;FR * ION * E432705;HPC (High Power Current);27/12/2021 15:58;27/12/2021 16:21;00:23:00;15:58:00;16:21:00;;journée;23;29,603;1,287;Kilowatt-hour (kWh);0,188;[0,10-0,20];5,5591;0;5,559;14,502;EUR;0;IDATA_STAMP_01;i.ymv;IDATA_SRC_DATARECORD;iData;65;;2023-03-08 12:12:52 +01'00';4;INC_FAF_2021-12-31-22,01C1,003_MERCEDES-ME-CHARGE_DFR00004757_A,pdf
2021-12-28 16H-58MM;FR * FR1 * ELABX * 1;;28/12/2021 16:58;27/12/2021 18:53;01:55:00;16:58:00;18:53:00;;journée;115;57,21;0,497;Kilowatt-hour (kWh);0,067;[0-0,10];3,8333;0;3,8333;2;EUR;0;IDATA_STAMP_01;i.ymv;IDATA_SRC_DATARECORD;iData;67;;2022-12-29 11:59:41 +01'00';4;INC_FAF_2021-12-31-22,01C1,003_MERCEDES-ME-CHARGE_DFR00004757_A,pdf
2021-12-30 11H-27MM;FR * ION * E432704;HPC (High Power Current);30/12/2021 11:27;30/12/2021 11:45;00:18:00;11:27:00;11:45:00;;journée;18;21,32;1,184;Kilowatt-hour (kWh);0,204;[0,20-0,30];4,3506;0;4,351;14,502;EUR;0;IDATA_STAMP_01;i.ymv;IDATA_SRC_DATARECORD;iData;69;;2023-03-08 12:13:33 +01'00';4;INC_FAF_2021-12-31-22,01C1,003_MERCEDES-ME-CHARGE_DFR00004757_A,pdf
2021-12-30 12H-46MM;FRALLEGO0020751;DC (Direct Current);30/12/2021 12:46;30/12/2021 13:31;00:45:00;12:46:00;13:31:00;;journée;45;53,254;1,183;Kilowatt-hour (kWh);0,4;[0,30-0,40];21,3016;0;21,302;28,402;EUR;0;IDATA_STAMP_01;i.ymv;IDATA_SRC_DATARECORD;iData;71;;2023-03-08 12:13:46 +01'00';4;INC_FAF_2021-12-31-22,01C1,003_MERCEDES-ME-CHARGE_DFR00004757_A,pdf
wPJNVxvBwaP;FR*M34*E34172*015*1*1;Unknown (not specified);2021-12-31 21:57:46+01:00;2022-01-01 08:42:24+01:00;10:44:38;2021-12-31 21:57:46+01:00;2022-01-01 08:42:24+01:00;;Heures croisées;644;75,111;0,117;kWh;0,054;[0-0,10];4,08;0,68;3,4;0,38;EUR;20;IDATA_STAMP_01;i.ymv;IDATA_SRC_DATARECORD;iData;54;;2023-03-08 14:12:36 +01'00';2;INC_FAF_2022-02-01-22,02C1,008_REVEO_79254_A,pdf
pk8NgQlB8Mb;FR*M34*E34057*005*2*1;Unknown (not specified);2022-03-24 05:31:34+01:00;2022-03-24 08:29:10+01:00;02:57:36;2022-03-24 05:31:34+01:00;2022-03-24 08:29:10+01:00;;journée;177;20,738;0,117;kWh;0,283;[0,20-0,30];5,86;0,98;4,88;1,986;EUR;20;IDATA_STAMP_01;i.ymv;IDATA_SRC_DATARECORD;iData;54;;2023-03-08 14:13:06 +01'00';2;INC_FAF_2022-04-01-22,04C1,029_REVEO_115802_A,pdf
2022-04-12 06H-04MM;CH * GOF * E36675;DC (Direct Current);12/04/2022 06:04;12/04/2022 06:34;00:30:00;06:04:00;06:34:00;;journée;30;45,3;1,51;Kilowatt-hour (kWh);0,614;[0,60-0,70];27,8273;0;27,827;55,655;EUR;0;IDATA_STAMP_01;i.ymv;IDATA_SRC_DATARECORD;iData;72;;2023-03-08 12:14:34 +01'00';2;INC_FAF_2022-04-30-22,05C1,013_MERCEDES-ME-CHARGE_DCH00009099_A,pdf
2022-04-11 08H-42MM;FR * ION * E403503;HPC (High Power Current);11/04/2022 08:42;11/04/2022 09:21;00:39:00;08:42:00;09:21:00;;journée;39;40,497;1,038;Kilowatt-hour (kWh);0,233;[0,20-0,30];9,4263;0;9,426;14,502;EUR;0;IDATA_STAMP_01;i.ymv;IDATA_SRC_DATARECORD;iData;72;;2023-03-08 12:15:04 +01'00';3;INC_FAF_2022-04-30-22,05C1,014_MERCEDES-ME-CHARGE_DFR00007835_A,pdf
2022-04-11 11H-03MM;FR * ION * E408404;HPC (High Power Current);11/04/2022 11:03;11/04/2022 11:37;00:34:00;11:03:00;11:37:00;;journée;34;40,425;1,189;Kilowatt-hour (kWh);0,203;[0,20-0,30];8,2178;0;8,218;14,502;EUR;0;IDATA_STAMP_01;i.ymv;IDATA_SRC_DATARECORD;iData;74;;2023-03-08 12:15:46 +01'00';3;INC_FAF_2022-04-30-22,05C1,014_MERCEDES-ME-CHARGE_DFR00007835_A,pdf
2022-04-12 16H-32MM;FR * ION * E431204;HPC (High Power Current);12/04/2022 16:32;12/04/2022 17:07;00:35:00;16:32:00;17:07:00;;journée;35;45,431;1,298;Kilowatt-hour (kWh);0,186;[0,10-0,20];8,4595;0;8,46;14,502;EUR;0;IDATA_STAMP_01;i.ymv;IDATA_SRC_DATARECORD;iData;76;;2023-03-08 12:15:54 +01'00';3;INC_FAF_2022-04-30-22,05C1,014_MERCEDES-ME-CHARGE_DFR00007835_A,pdf
2022-04-12 19H-15MM;FR * ION * E403604;HPC (High Power Current);12/04/2022 19:15;12/04/2022 19:51;00:36:00;19:15:00;19:51:00;;journée;36;56,162;1,56;Kilowatt-hour (kWh);0,155;[0,10-0,20];8,7012;0;8,701;14,502;EUR;0;IDATA_STAMP_01;i.ymv;IDATA_SRC_DATARECORD;iData;78;;2023-03-08 12:15:37 +01'00';3;INC_FAF_2022-04-30-22,05C1,014_MERCEDES-ME-CHARGE_DFR00007835_A,pdf
yqdpAp0Y3gx;FR*M34*E34172*015*1*1;Unknown (not specified);2022-04-12 23:16:04+02:00;2022-04-13 08:04:16+02:00;08:48:11;2022-04-12 23:16:04+02:00;2022-04-13 08:04:16+02:00;;journée;528;60,743;0,115;kWh;0,197;[0,10-0,20];11,99;2;9,99;1,363;EUR;20;IDATA_STAMP_01;i.ymv;IDATA_SRC_DATARECORD;iData;54;;2023-03-08 14:14:35 +01'00';2;INC_FAF_2022-05-01-22,05C1,022_REVEO_131829_A,pdf
2022-05-02 09H-48MM;FR * ION * E403501;HPC (High Power Current);02/05/2022 09:48;02/05/2022 09:54;00:06:00;09:48:00;09:54:00;;journée;6;2,874;0,479;Kilowatt-hour (kWh);0,505;[0,50-0,60];1,4502;0;1,45;14,502;EUR;0;IDATA_STAMP_01;i.ymv;IDATA_SRC_DATARECORD;iData;46;;2023-03-08 12:16:24 +01'00';3;INC_FAF_2022-05-31-22,06C1,028_MERCEDES-ME-CHARGE_DFR00008829_A,pdf
2022-05-02 10H-13MM;FR * ION * E403502;HPC (High Power Current);02/05/2022 10:13;02/05/2022 10:50;00:37:00;10:13:00;10:50:00;;journée;37;37,039;1,001;Kilowatt-hour (kWh);0,241;[0,20-0,30];8,9429;0;8,943;14,502;EUR;0;IDATA_STAMP_01;i.ymv;IDATA_SRC_DATARECORD;iData;48;;2023-03-08 12:16:34 +01'00';3;INC_FAF_2022-05-31-22,06C1,028_MERCEDES-ME-CHARGE_DFR00008829_A,pdf
2022-05-02 13H-10MM;FR * ION * E410001;HPC (High Power Current);02/05/2022 13:10;02/05/2022 13:27;00:17:00;13:10:00;13:27:00;;journée;17;23,962;1,41;Kilowatt-hour (kWh);0,171;[0,10-0,20];4,1089;0;4,109;14,502;EUR;0;IDATA_STAMP_01;i.ymv;IDATA_SRC_DATARECORD;iData;50;;2023-03-08 12:16:47 +01'00';3;INC_FAF_2022-05-31-22,06C1,028_MERCEDES-ME-CHARGE_DFR00008829_A,pdf
2022-05-02 13H-30MM;FR * ION * E410005;HPC (High Power Current);02/05/2022 13:30;02/05/2022 13:55;00:25:00;13:30:00;13:55:00;;journée;25;35,26;1,41;Kilowatt-hour (kWh);0,171;[0,10-0,20];6,0425;0;6,043;14,502;EUR;0;IDATA_STAMP_01;i.ymv;IDATA_SRC_DATARECORD;iData;52;;2023-03-08 12:16:59 +01'00';3;INC_FAF_2022-05-31-22,06C1,028_MERCEDES-ME-CHARGE_DFR00008829_A,pdf
2022-05-06 12H-11MM;FR * ION * E431204;HPC (High Power Current);06/05/2022 12:11;06/05/2022 13:05;00:54:00;12:11:00;13:05:00;;journée;54;54,704;1,013;Kilowatt-hour (kWh);0,239;[0,20-0,30];13,0518;0;13,052;14,502;EUR;0;IDATA_STAMP_01;i.ymv;IDATA_SRC_DATARECORD;iData;54;;2023-03-08 12:17:09 +01'00';3;INC_FAF_2022-05-31-22,06C1,028_MERCEDES-ME-CHARGE_DFR00008829_A,pdf
2022-05-06 15H-25MM;FR * ION * E403603;HPC (High Power Current);06/05/2022 15:25;06/05/2022 15:51;00:25:00;15:25:00;15:51:00;;journée;25;39,888;1,596;Kilowatt-hour (kWh);0,158;[0,10-0,20];6,2842;0;6,284;15,082;EUR;0;IDATA_STAMP_01;i.ymv;IDATA_SRC_DATARECORD;iData;56;;2023-03-08 12:17:26 +01'00';3;INC_FAF_2022-05-31-22,06C1,028_MERCEDES-ME-CHARGE_DFR00008829_A,pdf
OdmqRJBmLJ9;FR*EBN*EGLFN*1;Unknown (not specified);2022-05-02 19:47:56+00:00;2022-05-03 04:54:36+00:00;09:06:40;2022-05-02 19:47:56+00:00;2022-05-03 04:54:36+00:00;;Heures croisées;546;46,87;0,086;kWh;0,341;[0,30-0,40];16;2,67;13,33;1,758;EUR;20;IDATA_STAMP_01;i.ymv;IDATA_SRC_DATARECORD;iData;57;;2023-03-08 14:15:51 +01'00';2;INC_FAF_2022-06-01-22,06C1,050_REVEO_142669_A,pdf
2022-06-13 08H-37MM;FR * ION * E438903;HPC (High Power Current);13/06/2022 08:37;13/06/2022 08:59;00:22:00;08:37:00;08:59:00;;Heures croisées;22;22,766;1,035;Kilowatt-hour (kWh);0,234;[0,20-0,30];5,3174;0;5,317;14,502;EUR;0;IDATA_STAMP_01;i.ymv;IDATA_SRC_DATARECORD;iData;36;;2023-03-08 12:18:11 +01'00';3;INC_FAF_2022-06-30-22,07C1,009_MERCEDES-ME-CHARGE_DFR00009909_A,pdf
2022-06-13 10H-29MM;FRALLEGO0020751;DC (Direct Current);13/06/2022 10:29;13/06/2022 11:12;00:43:00;10:29:00;11:12:00;;Heures croisées;43;51,287;1,193;Kilowatt-hour (kWh);0,4;[0,30-0,40];20,5148;0;20,515;28,625;EUR;0;IDATA_STAMP_01;i.ymv;IDATA_SRC_DATARECORD;iData;38;;2023-03-08 12:18:26 +01'00';3;INC_FAF_2022-06-30-22,07C1,009_MERCEDES-ME-CHARGE_DFR00009909_A,pdf
2022-06-13 17H-22MM;FR * ION * E401904;HPC (High Power Current);13/06/2022 17:22;13/06/2022 17:58;00:36:00;17:22:00;17:58:00;;Heures croisées;36;56,143;1,56;Kilowatt-hour (kWh);0,155;[0,10-0,20];8,7012;0;8,701;14,502;EUR;0;IDATA_STAMP_01;i.ymv;IDATA_SRC_DATARECORD;iData;40;;2023-03-08 12:18:38 +01'00';3;INC_FAF_2022-06-30-22,07C1,009_MERCEDES-ME-CHARGE_DFR00009909_A,pdf
2022-06-15 09H-09MM;FR * ION * E401804;HPC (High Power Current);15/06/2022 09:09;15/06/2022 09:34;00:25:00;09:09:00;09:34:00;;Heures croisées;25;33,799;1,352;Kilowatt-hour (kWh);0,179;[0,10-0,20];6,0425;0;6,043;14,502;EUR;0;IDATA_STAMP_01;i.ymv;IDATA_SRC_DATARECORD;iData;42;;2023-03-08 12:18:49 +01'00';3;INC_FAF_2022-06-30-22,07C1,009_MERCEDES-ME-CHARGE_DFR00009909_A,pdf
2022-06-28 16H-29MM;FR * HPC * ENF007052 * 003 * 1;DC (Direct Current);28/06/2022 16:29;28/06/2022 16:54;00:25:00;16:29:00;16:54:00;;Heures croisées;25;38,669;1,547;Kilowatt-hour (kWh);0,377;[0,30-0,40];14,5833;0;14,583;35;EUR;0;IDATA_STAMP_01;i.ymv;IDATA_SRC_DATARECORD;iData;44;;2023-03-08 12:18:59 +01'00';3;INC_FAF_2022-06-30-22,07C1,009_MERCEDES-ME-CHARGE_DFR00009909_A,pdf
2022-06-28 19H-12MM;FR * M34 * E34172 * 015 * 1 * 1;AC (Alternating Current);28/06/2022 19:12;29/06/2022 03:05;07:53:00;19:12:00;03:05:00;;Heures croisées;473;52,018;0,11;Kilowatt-hour (kWh);0,054;[0-0,10];2,8;0;2,8;0,355;EUR;0;IDATA_STAMP_01;i.ymv;IDATA_SRC_DATARECORD;iData;46;;2023-03-08 12:19:12 +01'00';3;INC_FAF_2022-06-30-22,07C1,009_MERCEDES-ME-CHARGE_DFR00009909_A,pdf
2022-06-29 06H-42MM;FR * PVD * EPROVIRIDIS * SMC * 01 * 1;DC (Direct Current);29/06/2022 06:42;29/06/2022 06:51;00:09:00;06:42:00;06:51:00;;Heures croisées;9;3,378;0,375;Kilowatt-hour (kWh);0,383;[0,30-0,40];1,2949;0;1,295;8,633;EUR;0;IDATA_STAMP_01;i.ymv;IDATA_SRC_DATARECORD;iData;48;;2023-03-08 12:20:51 +01'00';3;INC_FAF_2022-06-30-22,07C1,009_MERCEDES-ME-CHARGE_DFR00009909_A,pdf
2022-06-29 06H-52MM;FR * PVD * EPROVIRIDIS * SMC * 01 * 2;DC (Direct Current);29/06/2022 06:52;29/06/2022 07:07;00:15:00;06:52:00;07:07:00;;Heures croisées;15;12,272;0,818;Kilowatt-hour (kWh);0,383;[0,30-0,40];4,7043;0;4,704;18,817;EUR;0;IDATA_STAMP_01;i.ymv;IDATA_SRC_DATARECORD;iData;50;;2023-03-08 12:20:58 +01'00';3;INC_FAF_2022-06-30-22,07C1,009_MERCEDES-ME-CHARGE_DFR00009909_A,pdf
qeQO5zYNQAk;FR*M34*E34172*019*9*1;Unknown (not specified);2022-06-03 23:28:55+02:00;2022-06-04 06:48:40+02:00;07:19:45;2022-06-03 23:28:55+02:00;2022-06-04 06:48:40+02:00;;Heures croisées;439;44,994;0,102;kWh;0,16;[0,10-0,20];7,18;1,19;5,99;0,981;EUR;19;IDATA_STAMP_01;i.ymv;IDATA_SRC_DATARECORD;iData;54;;2023-03-08 14:16:20 +01'00';2;INC_FAF_2022-07-01-22,07C1,015_REVEO_162288_A,pdf
4y6rANLmdXR;FR*S46*E46042*002*1*3;Unknown (not specified);2022-06-13 14:32:24+02:00;2022-06-13 14:42:08+02:00;00:09:44;2022-06-13 14:32:24+02:00;2022-06-13 14:42:08+02:00;;;9;4,698;0,522;kWh;0,3;[0,30-0,40];1,41;0,23;1,18;9,4;EUR;19;IDATA_STAMP_01;i.ymv;IDATA_SRC_DATARECORD;iData;58;;2023-03-08 14:17:07 +01'00';2;INC_FAF_2022-07-01-22,07C1,015_REVEO_162288_A,pdf
vPrz8QZp4LR;FR*G38*E11262*001*1*3;Unknown (not specified);2022-06-16 14:41:26+02:00;2022-06-16 15:49:57+02:00;01:08:31;2022-06-16 14:41:26+02:00;2022-06-16 15:49:57+02:00;;;68;33,549;0,493;kWh;0,41;[0,40-0,50];13,74;2,29;11,45;12,124;EUR;20;IDATA_STAMP_01;i.ymv;IDATA_SRC_DATARECORD;iData;60;;2023-03-08 14:17:22 +01'00';2;INC_FAF_2022-07-01-22,07C1,015_REVEO_162288_A,pdf
mO2VDZONdyD;FR*M34*E34172*015*1*1;Unknown (not specified);2022-06-29 21:11:29+02:00;2022-06-30 06:55:50+02:00;09:44:21;2022-06-29 21:11:29+02:00;2022-06-30 06:55:50+02:00;;;584;69,599;0,119;kWh;0,171;[0,10-0,20];11,9;1,97;9,93;1,223;EUR;19;IDATA_STAMP_01;i.ymv;IDATA_SRC_DATARECORD;iData;56;;2023-03-08 14:16:39 +01'00';2;INC_FAF_2022-07-01-22,07C1,015_REVEO_162288_A,pdf
2022-06-30 15H-37MM;FR * HPC * ENF007052 * 003 * 1;DC (Direct Current);30/06/2022 15:37;30/06/2022 15:55;00:18:00;15:37:00;15:55:00;;;18;29,733;1,652;Kilowatt-hour (kWh);0,353;[0,30-0,40];10,5;0;10,5;35;EUR;0;IDATA_STAMP_01;i.ymv;IDATA_SRC_DATARECORD;iData;34;;2023-03-08 12:21:46 +01'00';3;INC_FAF_2022-07-31-22,08C1,017_MERCEDES-ME-CHARGE_DFR00011141_A,pdf
8Bg6W6qRWxZ;FR*S30*E30003*002*1*1;Unknown (not specified);2022-08-04 19:59:29+02:00;2022-08-04 23:49:59+02:00;03:50:30;2022-08-04 19:59:29+02:00;2022-08-04 23:49:59+02:00;;;230;13,194;0,057;kWh;0,322;[0,30-0,40];4,25;0,71;3,54;1,109;EUR;20;IDATA_STAMP_01;i.ymv;IDATA_SRC_DATARECORD;iData;69;;2023-03-08 14:18:03 +01'00';2;INC_FAF_2022-09-01-22,09C1,018_REVEO_199006_A,pdf
Wx3QwJMyQZd;FR*S34*E34114*001*1*1;Unknown (not specified);2022-08-09 11:20:48+02:00;2022-08-09 11:28:49+02:00;00:08:01;2022-08-09 11:20:48+02:00;2022-08-09 11:28:49+02:00;;;8;1,226;0,153;kWh;0,302;[0,30-0,40];0,37;0,06;0,31;2,775;EUR;19;IDATA_STAMP_01;i.ymv;IDATA_SRC_DATARECORD;iData;71;;2023-03-08 14:18:18 +01'00';2;INC_FAF_2022-09-01-22,09C1,018_REVEO_199006_A,pdf
g8x6PdyJay;FR*S34*E34028*001*1*3;Unknown (not specified);2022-08-09 12:23:26+02:00;2022-08-09 12:35:51+02:00;00:12:25;2022-08-09 12:23:26+02:00;2022-08-09 12:35:51+02:00;;;12;7,914;0,66;kWh;0,299;[0,20-0,30];2,37;0,39;1,98;11,85;EUR;19;IDATA_STAMP_01;i.ymv;IDATA_SRC_DATARECORD;iData;73;;2023-03-08 14:18:36 +01'00';2;INC_FAF_2022-09-01-22,09C1,018_REVEO_199006_A,pdf
P9dPaKMMAZM;FR*M34*E34172*015*1*1;Unknown (not specified);2022-09-21 18:10:38+02:00;2022-09-21 21:46:47+02:00;03:36:08;2022-09-21 18:10:38+02:00;2022-09-21 21:46:47+02:00;;;216;25,665;0,119;kWh;0,325;[0,30-0,40];8,33;1,38;6,95;2,314;EUR;19;IDATA_STAMP_01;i.ymv;IDATA_SRC_DATARECORD;iData;66;;2023-03-08 14:19:12 +01'00';2;INC_FAF_2022-10-10-22,10C1,031_REVEO_218173_A,pdf
2022-10-06 10H-54MM;FR * ION * E402501;HPC (High Power Current);06/10/2022 10:54;06/10/2022 11:17;00:23:00;10:54:00;11:17:00;;;23;25,024;1,088;Kilowatt-hour (kWh);0,575;[0,50-0,60];14,3888;0;14,389;37,536;EUR;0;IDATA_STAMP_01;i.ymv;IDATA_SRC_DATARECORD;iData;36;;2023-03-08 12:22:13 +01'00';3;INC_FAF_2022-10-31-22,11C1,011_MERCEDES-ME-CHARGE_DFR00016221_A,pdf
meg6NbzzO40;FR*M34*E34172*015*1*1;Unknown (not specified);2022-10-05 22:15:38+02:00;2022-10-06 05:08:01+02:00;06:52:23;2022-10-05 22:15:38+02:00;2022-10-06 05:08:01+02:00;;;412;20,591;0,05;kWh;0,132;[0,10-0,20];2,72;0,45;2,27;0,396;EUR;19;IDATA_STAMP_01;i.ymv;IDATA_SRC_DATARECORD;iData;54;;2023-03-08 14:19:40 +01'00';2;INC_FAF_2022-11-01-22,11C1,018_REVEO_236606_A,pdf
;;;;;;;;;;;;;;;;;;;;;;;;;;;;;;
;;;;;;;;;;;;;;;;;;;;;;;;;;;;;;
;;;;;;;;;;;;;;;;;;;;;;;;;;;;;;
;;;;;;;;;;;;;;;;;;;;;;;;;;;;;;
;;;;;;;;;;;;;;;;;;;;;;;;;;;;;;
;;;;;;;;;;;;;;;;;;;;;;;;;;;;;;
;;;;;;;;;;;;;;;;;;;;;;;;;;;;;;
;;;;;;;;;;;;;;;;;;;;;;;;;;;;;;
;;;;;;;;;;;;;;;;;;;;;;;;;;;;;;
;;;;;;;;;;;;;;;;;;;;;;;;;;;;;;
